{
    "miou": 0.04161853456503931,
    "pixel_acc": 0.7418576021924257,
    "iou_per_class": [
        0.7444043634301815,
        0.0,
        0.0,
        0.0,
        0.0,
        0.0,
        0.0,
        0.0,
        0.0,
        0.0,
        0.0,
        0.0009523851516100159,
        0.0,
        0.0,
        0.0,
        0.12863247728403399,
        0.0,
        0.0,
        0.0,
        0.0,
        0.0
    ],
    "class_counts": [
        9810120.0,
        121282.0,
        28767.0,
        126437.0,
        59985.0,
        66310.0,
        228680.0,
        98870.0,
        307226.0,
        118814.0,
        116968.0,
        226021.0,
        107253.0,
        133269.0,
        205316.0,
        790209.0,
        63702.0,
        222053.0,
        119247.0,
        270490.0,
        68371.0
    ]
}